song,composer,kr_song,kr_song_proxy
STAGER,Ras,스테이저,스테이져
Little Munchkin,Castellia,리틀 먼치킨,리틀 먼치킨
Sudden Appearance Image,Blacklolita,서든 어페어런스 이미지,서든 어피어런스 이미지
TOMBOY,(G)I-DLE,톰보이,톰보이
"Simon Says, EURODANCE!! (feat. Sara☆M)",Jehezukiel☆KAZEMURA☆Hideky,"사이먼 세이즈, 유로댄스!! (feat. Sara☆M)","사이몬 세이즈"
After LIKE,IVE,애프터 라이크,애프터 라이크
See,Doin,시,시
Euphorianic,SHK,유포리아닉,유포리아닉
ELEVEN,IVE,일레븐,일레븐
PANDORA,MAVE:,판도라,판도라
Flavor Step!,EmoCosine,플레이버 스텝!,플레이버 스텝!
Teddy Bear,STAYC,테디베어,테디베어
Nxde,(G)I-DLE,누드,누드
Bluish Rose,WyvernP,블루이쉬 로즈,블루이쉬 로즈
Curiosity Overdrive,t+pazolite,큐리아서티 오버드라이브,큐리어시티 오버드라이브
TRICKL4SH 220,Lite Show Magic,트릭크래쉬 220,트릭래쉬
Yo! Say!! Fairy!!!,MYUKKE.,요! 세이!! 페어리!!!,요! 세이!! 페어리!!!
iRELLiA,HyuN,이렐리아,이렐리아
Beethoven Virus,BanYa,베토벤 바이러스,베토벤 바이러스
Neo Catharsis,TAG underground overlay,네오 카타르시스,네오 카타르시스
BOCA,Dreamcatcher,보카,보카
MilK,Morimori Atsushi,밀크,밀크
PUPA,Morimori Atsushi,푸파,푸파
Bad Apple!! feat. Nomico,Masayoshi Minoshima,배드 애플!! feat. Nomico,배드 애플!! feat. Nomico
Pneumonoultramicroscopicsilicovolcanoconiosis ft. Kagamine Len/GUMI,DASU,진폐증 ft. Kagamine Len/GUMI,진폐증 ft. Kagamine Len/GUMI
Halloween Party ~Multiverse~,SHK,할로윈 파티 ~Multiverse~,할로윈 파티 ~Multiverse~
Airplane,TYPHOON,비행기,비행기
Amor Fati,Yeon Ja Kim,아모르 파티,아모르 파티
Etude Op 10-4,MAX,추격,추격
VECTOR,Zekk,벡터,벡터
MURDOCH,WONDERTRAVELER Project,머독,머독
Acquire,ryhki,어콰이어,어콰이어
STORM,KOYOTE,스톰,스톰
Versailles,HyuN & MIIM,베르사이유,베르사유
GOODTEK,EBIMAYO,굿텍,굿텍
Viyella's Nightmare,Laur,비옐라의 악몽,비엘라의 악몽
GOODBOUNCE,EBIMAYO,굿바운스,굿바운스
Pirate,EVERGLOW,파이렛,파이렛
WHISPER,THE BOYZ,위스퍼,위스퍼
R.I.P,eicateve,R.I.P,R.I.P
Energy Synergy Matrix,Tanchiky,에너지 시너지 매트릭스,ESM
BRAIN POWER,NOMA,브레인 파워,브레인 파워
Barber's Madness,Klass E,바버스 매드니스,이발사의 광기
8 6,DASU,8 6,86
Aragami,xi,아라가미,아라가미
YOU AND I,Dreamcatcher,유 앤 아이,유앤아이
Altale,sakuzyo,알테일,알테일
KUGUTSU,onoken,꼭두각시,꼭두각시
BOOOM!!,RiraN,붐!!,붐!!
Switronic,SHK,스위트로닉,스위트로닉
GOOD NIGHT,Dreamcatcher,굿 나이트,굿 나이트
Mopemope,LeaF,모페모페,자폐자폐
Wedding Crashers,SHK,웨딩 크래셔,웨딩 크래셔
Chase Me,Dreamcatcher,체이스 미,체이스 미
Showdown,litmus*,쇼다운,쇼다운
BATTLE NO.1,TANO*C Sound Team,배틀 넘버원,배틀 넘버원
Spray,WEi,스프레이,스프레이
Jogging,LUCY,조깅,조깅
Ghroth,nato,그로스,그로스
Full Moon,Dreamcatcher,풀 문,풀 문
Jupin,Sobrem,쥬핀,주핀
Super Fantasy,SHK,슈퍼 판타지,슈퍼 판타지
Lacrimosa,Fiverwater,라크리모사,라크리모사
Alone,Highlight,얼론,얼론
Ultimatum,Cosmograph,얼티메이텀,얼티메이텀
Galaxy Collapse,Kurokotei,갤럭시 컬랩스,갤럭시 콜랩스
Beautiful Liar,MONSTA X,뷰티플라이어,뷰티플라이어
CHAOS AGAIN,NAOKI underground -Ω-,카오스 어게인,카오스 어게인
Violet Perfume,SHK,바이올렛 퍼퓸,바이올렛 퍼퓸
Fly high,Dreamcatcher,날아올라,날아올라
Halcyon,xi,할시온,할시온
Sugar Conspiracy Theory,MAX,설탕음모론,설탕음모론
Papasito (feat. KuTiNA),Yakikaze & Cashew,파파시토 (feat. KuTiNA),파파시토 (feat. KuTiNA)
Sorceress Elise,YAHPP,소서리스 엘리제,소서리스 엘리제
Dignity,Crash,디그니티,디그니티
Lohxia,The Musical Ghost,록시아,록씨아
GLORIA,Croire,글로리아,글로리아
Cross Over feat. LyuU,HyuN,크로스 오버 feat. LyuU,크로스 오버 feat. LyuU
Follow me,SHK,팔로우 미,팔로우 미
Yeo rae a,SID-SOUND,여래아,여래아
Nakakapagpabagabag,Dasu feat. Kagamine Len,꺼림칙한,꺼림칙한
F(R)IEND,D_AAN,프렌드,프렌드
Sarabande,MAX,사라반드,사라반드
Dement ~After Legend~,Lunatic Sounds,디멘트 ~에프터 레전드~,디멘트 ~에프터 레전드~
Chimera,YAHPP,키메라,키메라
Gargoyle,Sanxion7,가고일,가고일
Tantanmen,Memme,탄탄멘,탄탄멘
ESCAPE,D_AAN,이스케이프,이스케이프
Cross Time,Brandy,크로스 타임,크로스 타임
Tropicanic,SHK,트로피카닉,트로피카닉
Elise,DM Ashura,엘리제,엘리제
Kokugen Kairou Labyrinth,A:llha (ANE + 2riA),시간의 회랑 라비린스,시간의 회랑 라비린스
A Site De La Rue,STREME REVERIE,어 사이트 데 라 루,데라루
Re：End of a Dream,uma vs. Morimori Atsushi,Re：엔드 오브 어 드림,리 엔드
BSPower Explosion,Memme,BS파워 익스플로전,병신력 폭발
Phalanx RS2018 edit,Cranky,팔랑크스 RS2018 edit,팔랑크스 RS2018 edit
Stardream (feat. Romelon),Cashew,스타드림 (feat. Romelon),스타드림 (feat. Romelon)
Paved Garden,Ginkiha,페이브 가든,페이브 가든
VANISH,Applesoda,배니쉬,베니쉬
Canon D,BanYa,캐논 디,캐논디
Last Rebirth,SHK,라스트 리버스,라스트 리버스
CROSS RAY (feat. 月下Lia),HyuN,크로스 레이 (feat. 月下Lia),크로스 레이 (feat. 月下Lia)
Achluoias,D_AAN,아클루오이아스,아클루오이아스
Indestructible,Matduke,인디스트럭터블,럭키볼
Keep On!,雨漏りＰ/ AmamoriP,킵 온!,킵 온!
Crossing Delta,t+pazolite+Ginkiha+Hommarju,크로싱 델타,크로싱 델타
Imprinting,Sakuzyo,임프린팅,임프린팅
Nyarlathotep,Nato,니알라토텝,니알라토텝
HEART RABBIT COASTER,Nato,하트 래빗 코스터,하래코
Shub Niggurath,Nato,슈브 니구라스,슈브 니구라스
Can-can ~Orpheus in The Party Mix~,Sr. Lan Belmont,캉-캉 ~Orpheus in The Party Mix~,캉캉 오르페우스 
CROSS SOUL,HyuN feat. Syepias,크로스 소울,크로스 소울
Forgotten Vampire,WyvernP,포가튼 뱀파이어,포가튼 뱀파이어
Rock the house,Matduke,락 더 하우스,락 더 하우스
The Reverie,uma,더 레버리,더 레버리
DESTRUCIMATE,KURORAK,파괴,파괴
CO5M1C R4ILR0AD,kanone,코스믹 레일로드,코스믹 레일로드
Repentance,Abel,리펜턴스,리펜턴스
Le Grand Bleu,KIEN,라 그랑 블루,라 그랑 블루
Winter,BanYa,윈터,윈터
Loki,Lotze,로키,로키
Gargoyle - FULL SONG -,Sanxion7,가고일 - FULL SONG -,풀고일
Club Night,Matduke,클럽 나이트,클럽 나이트
Csikos Post,BanYa,우편마차,우편마차
Sugar Plum,Mr. Weq,슈가 플럼,슈가 플럼
Another Truth,Novasonic,또다른 진심,또다른 진심
Cleaner,Doin,클리너,클리너
The Quick Brown Fox Jumps Over The Lazy Dog,Doin,다람쥐 헌 쳇바퀴에 타고파,다람쥐 헌 쳇바퀴에 타고파
Skeptic,Doin,스켑틱,스켑틱
Mr. Larpus,BanYa,미스터 라푸스,미스터 라푸스
Passacaglia,SynthWulf,파사칼리아,파사칼리아
Ignis Fatuus(DM Ashura Mix),BanYa & DM Ashura,이그니스 패터스(DM Ashura 믹스),이그니스 패터스(DM Ashura 믹스)
Avalanche,Memme,아발란치,아발란치
Hellfire,Memme,헬파이어,헬파이어
Telling Fortune Flower,Koharu feat. Renyata,텔링 포츈 플라워,텔링 포츈 플라워
Timing,HIGHTEEN,타이밍,타이밍
Cygnus,nato,시그너스,시그너스
Yog-Sothoth,Nato,요그 소토스,요그 소토스
Twist of Fate (feat. Ruriling),Jehezukiel,트위스트 오브 페이트 (feat. Ruriling),트위스트 오브 페이트 (feat. Ruriling)
Further,Doin,퍼더,퍼더
The Devil,Banya Production,마왕,마왕
Slam,Novasonic,슬램,슬램
8 6 - FULL SONG -,DASU,8 6 - FULL SONG -,86 풀
Just Hold On (To All Fighters),void,저스트 홀드 온 (To All Fighters),젓솔돈
1950,SLAM,1950,1950
Take Out,SHK,테이크 아웃,테이크 아웃
Windmill,Yak Won,윈드밀,윈드밀
Like Me,SHK,라이크 미,라이크 미
Turkey March,BanYa,터키 행진곡,터키 행진곡
After a thousand years,TOTO,천년이 지나서,천년이 지나서
Super Capriccio,SHK,슈퍼 카프리시오,슈퍼 카프리시오
Tales of Pumpnia,Applesoda,테일즈 오브 펌프니아,테일즈 오브 펌프니아
Scorpion King,r300k,스콜피온 킹,스콜피온 킹
Clematis Rapsodia,Jehezukiel,클레마티스 랩소디아,클레마티스 랩소디아
Obelisque,ESTi x M2U,오벨리스크,오벨리스크
Vacuum,Doin,진공,진공
Harmagedon,HyuN vs lixound,아마겟돈,아마겟돈
Hardkore of the North,Diclonius Kid,하드코어 오브 더 노스,하드코어 오브 더 노스
Travel to future,Neutral Moon ,트래블 투 퓨처,트레벨 투 퓨처
POINT ZERO 2,SYNTHWULF,포인트 제로 2,포인트 제로 2
Uranium,Memme,우라늄,우라늄
Till the end of time,BanYa,틸 디 엔드 오브 타임,틸 디 엔드 오브 타임
Annihilator Method,DM Ashura,어나이얼레이터 메소드,어나이얼레이터 메소드
Iolite Sky,Doin,아이올라이트 스카이,아이올라이트 스카이
Love Is A Danger Zone(Cranky Mix),BanYa & Cranky,러브 이즈 어 데인저 존(Cranky 믹스),러브 이즈 어 댄저 존(Cranky 믹스)
Life is PIANO,Junk,라이프 이즈 피아노,라이프 이즈 피아노
Rising Star,M2U,라이징 스타,라이징 스타
Allegro Con Fuoco,DM Ashura,알레그로 콘 뿌오코,알레그로 콘 뿌오코
Headless Chicken,r300k,헤드리스 치킨,헤드리스 치킨
Euphorianic - SHORT CUT -,SHK,유포리아닉 - SHORT CUT -,유포리아닉 - SHORT CUT -
Houseplan,Houseplan,하우스플랜,하우스플랜
Smile Diary,you,스마일 다이어리,스마일 다이어리
1949,SLAM,1949,1949
Extravaganza,BanYa,엑스트라바간자,해파리
INFINITY,Lunatic Sounds,인피니티,인피니티
I Want U,MAX,아이 원트 유,아이 원트 유
Desaparecer,Applesoda vs MAX,데사파레세르,데사파레세르
Kasou Shinja仮装信者,MAX,가장신자,가장신자
Xeroize,FE,제로아이즈,제로아이즈
Death Moon,SHK,사월,사월
Sudden Romance [PIU Edit],void,서든 로맨스 [PIU Edit],서든 로맨스 [PIU Edit]
Pop Sequence,Hommarju,팝 시퀀스,팝 시퀀스
Queen Of The Red,ETIA.,퀸 오브 더 레드,퀸 오브 더 레드
Ice of Death,Fiverwater,아이스 오브 데스,아이스 오브 데스
Kimchi Fingers,Garlic Squad,김치 핑거즈,김치 핑거즈
Arcana Force,mzet:-P,아르카나 포스,아르카나 포스
Nemesis,M2U,네메시스,네메시스
Adrenaline Blaster,QWertism,아드레날린 블래스터,아드레날린 블래스터
Broken Karma (PIU EDIT),Quree,브로큰 카르마 (PIU EDIT),브로큰 카르마 (PIU EDIT)
Slapstick Parfait,t+pazolite,슬랩스틱 파르페,슬랩스틱 파르페
CARMEN BUS,StaticSphere & FUGU SUISAN,까르멘 버스,까르멘 버스
HTTP,Quree,HTTP,HTTP
Ragnarok,SynthWulf,라그나로크,라그나로크
V3,BeautifulDay,V3,V3
Moment Day,MAX,모멘트 데이,모멘트 데이
Bad Apple!! feat. Nomico - FULL SONG -,Masayoshi Minoshima,배드 애플!! feat. Nomico - FULL SONG -,배드 애플!! feat. Nomico - FULL SONG -
BEDLAM,SANY-ON,베들램,베들램
District 1,MAX,디스트릭트 1,디스트릭트 1
Dual Racing <RED vs BLUE>,Nato & r300k,듀얼 레이싱 <레드 vs 블루>,듀얼 레이싱 <레드 vs 블루>
Reality,SHK,리얼리티,리얼리티
The End of the World ft. Skizzo,MonstDeath,디 엔드 오브 더 월드 ft. Skizzo,디 엔드 오브 더 월드 ft. Skizzo
CHICKEN WING,BanYa,치킨 윙,치킨 윙
Allegro furioso,DM ashura,알레그로 퓨리오소,알레그로 퓨리오소
Pumptris Quattro,YAHPP,펌트리스 꽈뜨로,펌트리스 꽈뜨로
Baroque Virus,Zircon,바로크 바이러스,바로크 바이러스
The Festival of Ghost2 (Sneak),Brandy,유령의 축제 2 (Sneak),유령의 축제 2 (Sneak)
Xuxa,Smiley,슈샤,슈샤
Lepton Strike,Nato,립톤 스트라이크,립톤 스트라이크
Your Mind,Roy Mikelate,유어 마인드,유어 마인드
MATADOR,Cranky,마타도르,마타도르
Poseidon,Quree,포세이돈,포세이돈
What Happened,Throwdown,왓 해픈드,왓 해픈드
Pump Me Amadeus,BanYa,펌프 미 아마데우스,펌프 미 아마데우스
Waltz of Doge,Cashew,왈츠 오브 도지,왈츠 오브 도지
JANUS,MAX,야누스,야누스
Reminiscence,MAX,레미니센스,레미니센스
Wicked Legend,D_AAN,위키드 레전드,위키드 레전드
PRIME,Tatsh,프라임,프라임
Love is a Danger Zone,BanYa,러브 이즈 어 데인저 존,러브 이즈 어 댄저 존
Awakening,typeMARS,어웨이크닝,어웨이크닝
God Mode feat. Skizzo,Nato,갓 모드 feat. Skizzo,갓 모드 feat. Skizzo
Christmas Memories,Warak,크리스마스의 기억,크리스마스의 기억
Necromancy,Zircon,네크로맨시,네크로맨시
Black Swan,zeron,블랙스완,블랙스완
Transacaglia in G-minor,ATAS,트란사칼리아,트란사칼리아
Danger & Danger,Cranky,데인저 & 데인저,댄저 & 댄저
Point Zero One,SynthWulf,포인트 제로 원,포인트 제로 원
Rolling Christmas,BanYa,롤링 크리스마스,롤링 크리스마스
Rage of Fire,MAX,레이지 오브 파이어,레이지 오브 파이어
THE REVOLUTION,MAX & DOOM,더 레볼루션,더 레볼루션
Campanella,Cashew,캄파넬라,캄파넬라
Love is a Danger Zone pt. 2,BanYa,러브 이즈 어 데인저 존 pt.2,러브 이즈 어 댄저 존 pt.2
Nihilism - Another Ver.-,Nato,니힐리즘 - 어나더 버전 -,니힐리즘 - 어나더 버전 -
Butterfly,MAX & Rorychesell(SID-SOUND),버터플라이,버터플라이
Prime Time,Cashew,프라임 타임,프라임 타임
Ugly Dee,Banya Production,미운 오리새끼,미운 오리새끼
Red Snow,Cashew,레드 스노우,레드 스노우
Bee,BanYa,비,비
Feel My Happiness,3R2,필 마이 해피니스,필 마이 해피니스
Moonlight,BanYa,월광,월광
Gothique Resonance,P4Koo,고딕 레조넌스,고딕 레조넌스
Can-can ~Orpheus in The Party Mix~ - SHORT CUT -,Sr. Lan Belmont,캉-캉 ~Orpheus in The Party Mix~ - SHORT CUT -,캉캉 캉 캉 오르페우스 숏컷 캉숏
Stardust Overdrive,typeMARS,스타더스트 오버드라이브,스타더스트 오버드라이브
Cycling!,Yamajet,싸이클링!,사이클링
Destination,SHK,데스티네이션,데스티네이션
Cutie Song,Memme,일 더하기 일은 귀요미,일 더하기 일은 귀요미
Imagination,SHK,이미지네이션,이미지네이션
Utsushiyo No Kaze feat. Kana,void,우츠시요 노 카제 feat. Kana,우츠시요 노 카제 feat. Kana
Donatello,Triplestar,도나텔로,도나텔로
La Cinquantaine,Pory,금혼식,금혼식
Fallen Angel,DM Ashura,폴른 엔젤,폴른 엔젤
Asterios -ReEntry-,ATAS ,아스테리오스 -리엔트리-,아스테리오스 -리엔트리-
Turkey March -Minimal Tunes-,Banya Production,터키 행진곡 -미니멀튠즈-,터키 행진곡 미니멀튠즈
Fires of Destiny,Jehezukiel,파이어 오브 데스티니,파이어 오브 데스티니
Phantom -Intermezzo-,Banya Production,팬텀 -인터메조-,팬텀 인터메조
Pop The Track,J-Mi & Midi-D & Ft. Hanna Stockzell,팝 더 트랙,팝 더 트랙
Paradoxx,SLAM & NATO,패러독스,패러독스
Jonathan's Dream,MAX&Seorryang(SID-SOUND),조나단의 꿈,조나단의 꿈
Clue,Transin,클루,클루
Final Audition,BanYa,파이널 오디션,파이널 오디션
Witch Doctor,BanYa,위치 닥터,위치 닥터
Star Command,Zircon,스타 커맨드,스타 커맨드
Redline,Archefluxx,레드라인,레드라인
Orbit Stabilizer,DM Ashura,오르비트 스테빌라이저,오르빗 스테빌라이저
HELIX,ESTi,헬릭스,헬릭스
Napalm,Doin,네이팜,네이팜
U Got Me Rocking,MAX,유 갓 미 락킹,유 갓 미 락킹
Dr. M,BanYa,닥터 엠,닥터 엠
Faster Z,YAHPP,패스터 Z,패스터지
Dream To Nightmare,Nightmare,드림 투 나이트메어,드림 투 나이트메어
Final Audition Ep. 2-2,YAHPP,파이널 오디션 에피소드 2-2,파이널 오디션 에피소드 2-2
Tritium,Memme,트리튬,트리튬
ERRORCODE: 0,DOIN && SUNNY,에러코드: 0,에러코드0
Super Stylin',Warak,슈퍼 스타일린,슈퍼 스타일린
Force of Ra,Memme,포스 오브 라,포스 오브 라
Vook,BanYa,부크,부크
Smells Like A Chocolate,Vospi,스멜스 라이크 어 초콜릿,스멜스 라이크 어 초콜릿
Tepris,Doin,테프리스,테프리스
%X (Percent X),Pory,퍼센트 엑스,퍼센트 엑스
Radetzky Can Can,BanYa,라젠스키 캉캉,라젠스키 캉캉
Mitotsudaira,ETIA.,미토츠다이라,미토츠다이라
Hyperion,M2U,히페리온,히페리온
God Mode 2.0 feat. Skizzo,Nato,갓 모드 2.0 feat. Skizzo,갓 모드 2.0 feat. Skizzo
Chinese restaurant,Memme,차이니즈 레스토랑,차이니즈 레스토랑
Monolith,Affinity,모노리스,모노리스
Rave'til the earth's end,5argon,레이브 언틸 디 어스 엔드,레이브 언틸 디 어스 엔드
Baroque Virus - FULL SONG -,Zircon,바로크 바이러스 - FULL SONG -,풀로크
Tribe Attacker,Hi-G,트라이브 어택커,트라이브 어태커
Up & Up (Produced by AWAL),Skizzo,업 앤 업 (Produced by AWAL),업앤업
ヨロピク ピクヨロ！Yoropiku Pikuyoro !,バクステ外神田一丁目 Bakusute Sotokanda Icchome,요로피쿠 피쿠요로 !,요로피쿠 피쿠요로 !
Hypnosis(SynthWulf Mix),BanYa & SynthWulf,힙노시스(SynthWulf 믹스),힙노시스(SynthWulf 믹스)
Allegro Con Fuoco - FULL SONG -,DM Ashura,알레그로 콘 뿌오코 - FULL SONG -,풀레그로
Will-O-The-Wisp,BanYa,윌 오 더 위스프,윌 오 더 위습
Over The Horizon,Yamajet,오버 더 호라이즌,오버 더 호라이즌
Blazing,BanYa,블레이징,블레이징
Cannon X.1,YAHPP,캐논 X.1,캐논 X.1
DJ Otada,Banya Production,디제이 오타다,디제이 오타다
Removable Disk0,Doin,리무버블 디스코,리무버블 디스코
Papa Gonzales,BanYa,파파 곤잘레스,파파 곤잘레스
FFF,Doin,에프 에프 에프,에프 에프 에프
甘い誘惑デインジャラスAmai Yuuwaku Dangerous,バクステ外神田一丁目 Bakusute Sotokanda Icchome,아마이 유우와쿠 데인저러스,아마이 유우와쿠 댄저러스
Requiem,MAX,레퀴엠,레퀴엠
Start On RED,nato,스타트 온 레드,스타트 온 레드
Log In,SHK,로그인,로그인
Phantom,BanYa,팬텀,팬텀
Hestia,Gentle Stick,헤스티아,헤스티아
video out c,Vospi,비디오 아웃 씨,비디오 아웃 씨
Arirang,Banya Production,아리랑,아리랑
Mad5cience,Paul Bazooka,매드 사이언스,매드 사이언스
Move That Body!,DM Ashura feat. Skizzo & Hanna,무브 댓 바디!,무브 댓 바디!
Final Audition Ep. 2-X,YAHPP,파이널 오디션 에피소드 2-X,파이널 오디션 에피소드 2-X
Magical Vacation,SID-SOUND,매지컬 베케이션,매지컬 베케이션
Obliteration,ATAS,오블리터레이션,오블리터레이션
Unique,SHK,유니크,유니크
Paradoxx - SHORT CUT -,SLAM & NATO,패러독스 - SHORT CUT -,패러독스 - SHORT CUT -
Cosmical Rhythm,SID-SOUND,코스미컬 리듬,코스미컬 리듬
U GOT 2 KNOW,MAX,유 갓 투 노우,유 갓 투 노우
Red Swan,Yahpp,레드 스완,레드 스완
Anguished Unmaking,void,앵귀시드 언메이킹,앵귀시드 언메이킹
Robot battle,CYO Style,로봇 배틀,로봇 배틀
Time Attack <BLUE>,r300k,타임 어택 <블루>,타임 어택 <블루>
Maria,BanYa,마리아,마리아
You again my love,CYO Style & Henohenomoheji,유 어게인 마이 러브,유 어게인 마이 러브
Kill Them!,Archefluxx,킬 뎀!,킬 뎀!
Gun Rock,Banya Production,건 락,건 락
Black Dragon,Memme,블랙 드래곤,블랙 드래곤
Hyacinth,Yahpp,히아신스,히아신스
Dolly KiSS,SID-SOUND,돌리 키스,돌리 키스
Lucid(PIU Edit),Yak Won,루시드(PIU Edit),루시드(PIU Edit)
You Got Me Crazy,MAX,유 갓 미 크레이지,유 갓 미 크레이지
Accident,MAX,엑시던트,엑시던트
Pavane,V.A.,파반느,파반느
GOOD NIGHT - FULL SONG -,Dreamcatcher,굿 나이트 - FULL SONG -,풀 나이트 풀 나잇
Hungarian Dance V,Banya Production,헝가리 무곡 V,헝가리 무곡 V
Papasito (feat. KuTiNA) - FULL SONG -,Yakikaze & Cashew,파파시토 (feat. KuTiNA) - FULL SONG -,파파시토 풀 송
Latino Virus,Warak,라티노 바이러스,라티노 바이러스
Mental Rider,SQUAR,멘탈 라이더,멘탈라이더
Kitty Cat,Coconut,키티 캣,키티캣
Idealized Romance,void,아이디얼라이즈드 로맨스 ,아이디얼라이즈드 로맨스 
STEP,SID-SOUND ,스텝,스텝
Selfishness,SID-SOUND,셀피쉬니스,셀피쉬니스
Ladybug,Coconut,레이디버그,레이디버그
Heart Attack,DJ Counterforce,하트 어택,하트 어택
Utopia,Smiley,유토피아,유토피아
Final Audition Ep. 2-1,YAHPP,파이널 오디션 에피소드 2-1,파이널 오디션 에피소드 2-1
Silver Beat feat. ChisaUezono,Tatsh,실버 비트 feat. ChisaUezono,실버 비트 feat. ChisaUezono
Vacuum Cleaner,Doin,진공 청소기,진공 청소기
Break Out,Lunatic Sounds,브레이크 아웃,브레이크 아웃
Death Moon - SHORT CUT -,SHK,사월 - SHORT CUT -,사월 - SHORT CUT -
Le Grand Rouge,KIEN,라 그랑드 루즈,라 그랑드 루즈
Final Audition Ep. 1,BanYa,파이널 오디션 에피소드 1,파이널 오디션 에피소드 1
Amphitryon,Gentle Stick,암피트리온,암피트리온
Solitary,BanYa,무혼,무혼
Leather,Doin,리더,리더
Silhouette Effect,Nato,실루엣 이펙트,실루엣 이펙트
Poseidon - SHORT CUT -,Quree,포세이돈 - SHORT CUT -,포세이돈 - SHORT CUT -
Katkoi,M2U,캇코이,캇코이
HYPERCUBE,MAX,하이퍼큐브,하이퍼큐브
Brown Sky,Doin,하늘다람쥐,하늘다람쥐
Fire Noodle Challenge,Memme,파이어 누들 챌린지,파이어 누들 챌린지
Macaron Day,HyuN,마카롱 데이,마카롱 데이
We Got 2 Know,MAX,위 갓 투 노우,위 갓 투 노우
Higgledy Piggledy,Banya Production,히글디 피글디,히글디 피글디
Meteo5cience (GADGET mix),Paul Bazooka,메테오 사이언스 (GADGET mix),메테오 사이언스 (GADGET mix)
Get Up,BanYa,겟 업,겟 업
Monkey Fingers,BanYa,몽키 핑거즈,몽키 핑거즈
Overblow,MAX,오버블로우,오버블로우
VVV,ZiGZaG,VVV ,VVV
Dance with me,BanYa,댄스 위드 미,댄스 위드 미
Karyawisata,Vesuvia x REDSHiFT,까랴위사따,까랴위사따
Leakage Voltage,Doin,리키지 볼티지,리키지 볼티지
Beat of The War 2,BanYa,비트 오브 더 워 2,비트 오브 더 워 2
The People didn't know,Banya Production,사람들은 몰랐다네,사람들은 몰랐다네
Emperor,BanYa,엠페러,엠페러
Solitary 2,BanYa,무혼 2,무혼 2
Come to Me,BanYa,컴 투 미,컴 투 미
Caprice of Otada,Banya Production,카프리스 오브 오타다,카프리스 오브 오타다
XTREE,YAHPP,엑스트리,엑스트리
Wedding Crashers - SHORT CUT -,SHK,웨딩 크래셔 - SHORT CUT -,웨딩 크래셔 - SHORT CUT -
Native,SHK,네이티브,네이티브
Beat of The War,BanYa,비트 오브 더 워,비트 오브 더 워
Night Duty,A.V.,야근,야근
She Likes Pizza,BanYa,그녀는 피자를 좋아해,그녀는 피자를 좋아해
D,MAX,디,디
Bring Back The Beat,Lunatic Sounds,브링 백 더 비트,브링 백 더 비트
Final Audition 2,BanYa,파이널 오디션 2,파이널 오디션 2
Overblow2,MAX,오버블로우2,오버블로우2
X-Tream,BanYa,엑스트림,엑스트림
Lala,Yassi Pressman,라라,라라
Full Moon - FULL SONG -,Dreamcatcher,풀 문 - FULL SONG -,풀 문 - FULL SONG -
Meteorize,Paul Bazooka,메테오라이즈,메테오라이즈
Witch Doctor #1,Yahpp,위치 닥터 #1,위치 닥터 #1
Canon D - FULL SONG -,Banya,캐논 디 - FULL SONG -,캐논 디 - FULL SONG -
Winter - SHORT CUT -,Banya,윈터 - SHORT CUT -,윈터 - SHORT CUT -
Pine Nut,Doin,잣,잣
Pumptris 8Bit ver.,YAHPP,펌트리스 8비트 ver.,펌트리스 8비트 ver.
Break It Down,MAZO,브레이크 잇 다운,브레이크 잇 다운
WI-EX-DOC-VA,YAHPP,위엑닥바,위엑닥바
HUSH,Yassi Pressman & Nadine Lustre,허쉬,허쉬
Love is a Danger Zone 2 - FULL SONG -,YAHPP,러브 이즈 어 데인저 존 2 - FULL SONG -,러브 이즈 어 댄저 존 2 - FULL SONG -
My Dreams,Banya Production,마이 드림즈,마이 드림즈
Hello William,Banya Production,안녕 윌리엄,안녕 윌리엄
Interference,Doin,인터퍼런스,인터퍼런스
Switronic - SHORT CUT -,SHK,스위트로닉 - SHORT CUT -,스위트로닉 - SHORT CUT -
X-Rave,DM Ashura,엑스 레이브,엑스 레이브
Top City,BanYa,탑 시티,탑 시티
XX OPENING - SHORT CUT -,MAX,XX 오프닝 - SHORT CUT -,XX 오프닝 - SHORT CUT -
Milky Way Galaxy,3R2,밀키 웨이 갤럭시,밀키 웨이 갤럭시
Visual Dream II (In Fiction),Aragon,비주얼 드림 2 (인 픽션),비주얼 드림 2 (인 픽션)
Final Audition 3,BanYa,파이널 오디션 3,파이널 오디션 3
Avalanquiem,MAX & MEMME,아발란퀴엠,아발란퀴엠
Hi Bi,BanYa,하이 바이,하이 바이
Naissance,BanYa,태동,태동
Love is a Danger Zone 2 Try To B.P.M,BanYa,러브 이즈 어 데인저 존 2 Try To B.P.M,러브 이즈 어 댄저 존 2 Try To B.P.M
Toccata,Banya Production,토카타,토카타
Nyarlathotep - SHORT CUT -,Nato,니알라토텝 - SHORT CUT -,니알라토텝 - SHORT CUT -
Blaze Emotion,YAHPP,블레이즈 이모션,블레이즈 이모션
BEMERA,YAHPP,비메라,비메라
Allegro Più Mosso,DM Ashura,알레그로 피유 모쏘,알레그로 피유 모쏘
Pumping Jumping,Banya Production,펌핑 점핑,펌핑 점핑
Yog-Sothoth - SHORT CUT -,Nato,요그 소토스 - SHORT CUT -,요그 소토스 - SHORT CUT -
Betrayer,BanYa,사랑가,사랑가
Passing Rider,mzet:-P,패싱 라이더,패싱 라이더
Oh! Rosa,BanYa,오! 로사,오! 로사
Sarabande - SHORT CUT -,MAX,사라반드 - SHORT CUT -,사라반드 - SHORT CUT -
Vulcan,Memme,불카누스,불카누스
Rock the house - SHORT CUT -,Matduke,락 더 하우스 - SHORT CUT -,락 더 하우스 - SHORT CUT -
D Gang,BanYa,디 갱,디 갱
Xenesis,Banya Production,제네시스,제네시스
ASDF,Doin,ㅁㄴㅇㄹ,ㅁㄴㅇㄹ
K.O.A : Alice In Wonderworld,Banya Production,케이.오.에이 : 엘리스 인 원더월드,KOA 앨리스 인 원더월드 고아 코아
Chopsticks Challenge,YAHPP,젓가락 변주곡,젓가락 변주곡 젓가락 행진곡
Get Up (and go),Banya Production,겟 업 (앤 고),겟 업 (앤 고)
Bullfighter's Song,Banya Production,투우사의 노래,투우사의 노래
Hey U,MAZO,헤이 유,헤이 유
B2,MAX,B2,B2
Bemera - SHORT CUT -,YAHPP,비메라 - SHORT CUT -,비메라 - SHORT CUT -
Tek -Club Copenhagen-,Banya Production,테크 -클럽 코펜하겐-,테크 -클럽 코펜하겐-
Miss S' story,BanYa,미스 에스 스토리,미세스 스토리
Beat the ghost,Banya Production,비트 더 고스트,비트 더 고스트
Get Your Groove On,BanYa,겟 유어 그루브 온,겟 유어 그루브 온
Hyperion - SHORT CUT -,M2U,히페리온 - SHORT CUT -,히페리온 - SHORT CUT -
PRIME Opening - SHORT CUT -,MAX,프라임 오프닝 - SHORT CUT -,프라임 오프닝 - SHORT CUT -
My way,BanYa,마이웨이,마이웨이
Elysium,Warak,엘리시움,엘리시움
First Love,BanYa,첫사랑,첫사랑
I Want U - SHORT CUT -,MAX,아이 원트 유 - SHORT CUT -,아이 원트 유 - SHORT CUT -
Shub Sothoth,Nato & EXC,슈브 소토스,슈브 소토스
Guitar Man,Banya Production,기타 맨,기타 맨
Witch Doctor - SHORT CUT -,Banya,위치 닥터 - SHORT CUT -,위치 닥터 - SHORT CUT -
Kasou Shinja - SHORT CUT -,MAX,가장신자 - SHORT CUT -,가장신자 - SHORT CUT -
Extravaganza - SHORT CUT -,Banya,엑스트라바간자 - SHORT CUT -,엑스트라바간자 - SHORT CUT -
Shub Niggurath - SHORT CUT -,Nato,슈브 니구라스 - SHORT CUT -,슈브 니구라스 - SHORT CUT -
Chase Me - FULL SONG -,Dreamcatcher,체이스 미 - FULL SONG -,체이스 미 - FULL SONG -
Oy Oy Oy,BanYa,오이 오이 오이,오이 오이 오이
Cleaner - SHORT CUT -,Doin,클리너 - SHORT CUT -,클리너 - SHORT CUT -
Jump,BanYa,점프,점프
Love is a Danger Zone pt. 2 - SHORT CUT -,Banya,러브 이즈 어 데인저 존 pt.2 - SHORT CUT -,러브 이즈 어 댄저 존 pt.2 - SHORT CUT -
Set me up,BanYa,셋 미 업,셋 미 업
Ignis Fatuus(DM Ashura Mix) - SHORT CUT -,BanYa & DM Ashura,이그니스 패터스(DM Ashura 믹스) - SHORT CUT -,이그니스 패터스(DM Ashura 믹스) - SHORT CUT -
Solitary 1.5,YAHPP,무혼 1.5,무혼 1.5
Repeatorment Remix,BanYa,리피토먼트 리믹스,리피토먼트 리믹스
Silhouette Effect - SHORT CUT -,Nato,실루엣 이펙트 - SHORT CUT -,실루엣 이펙트 - SHORT CUT -
Everybody Got 2 Know,MAX,에브리바디 갓 투 노우,에브리바디 갓 투 노우
Mission Possible -Blow Back-,Banya Production,미션 파서블 -블로우 백-,미션 파서블 블로우 백
Street show down,BanYa,스트리트 쇼다운,스트리트 쇼다운
J Bong,BanYa,제이 봉,제이 봉
Pumptris 8Bit ver. - SHORT CUT -,YAHPP,펌트리스 8비트 ver. - SHORT CUT -,펌트리스 8비트 ver. - SHORT CUT -
Arch of Darkness,Yahpp,아크 오브 다크니스,아크 오브 다크니스
Beethoven Influenza,Banya & Warak,베토벤 인플루엔자,베토벤 인플루엔자
With My Lover,BanYa,님과 함께,님과 함께
Money,Banya Production,머니,머니
Dignity - FULL SONG -,Crash,디그니티 - FULL SONG -,디그니티 - FULL SONG -
Free Style,BanYa,프리 스타일,프리 스타일
2006. LOVE SONG, Banya Production,사랑가 2006,사랑가 2006
What Are You Doin?,Doin & MAX,와라유도인?,와라유도인?
Point Break,BanYa,포인트 브레이크,포인트 브레이크
Banya-P Guitar Remix,Banya Production,반야-P 기타 리믹스,반야 P기타 리믹스
Love is a Danger Zone - SHORT CUT -,Banya,러브 이즈 어 데인저 존 - SHORT CUT -,러브 이즈 어 댄저 존 - SHORT CUT -
Final Audition Ep. 2-X - SHORT CUT -,YAHPP,파이널 오디션 에피소드 2-X - SHORT CUT -,파이널 오디션 에피소드 2-X - SHORT CUT -
Destination - SHORT CUT -,SHK,데스티네이션 - SHORT CUT -,데스티네이션 - SHORT CUT -
Tream Vook of the war,BanYa,트림 북 오브 더 워,트림 북 오브 더 워
Pumping Up,BanYa,펌핑업,펌핑 업
CHICKEN WING - SHORT CUT -,Banya,치킨 윙 - SHORT CUT -,치킨 윙 - SHORT CUT -
Super Fantasy - SHORT CUT -,SHK,슈퍼 판타지 - SHORT CUT -,슈퍼 판타지 - SHORT CUT -
PRIME2 OPENING - SHORT CUT -,MAX,프라임2 오프닝 - SHORT CUT -,프라임2 오프닝 - SHORT CUT -
Blaze Emotion (band version),Yahpp,블레이즈 이모션 (Band version),블레이즈 이모션 (Band version)
Monkey Fingers 2,Banya Production,몽키 핑거즈 2,몽키 핑거즈 2
Love is a Danger Zone pt.2 [Another],BanYa,러브 이즈 어 데인저 존 pt.2 어나더,러브 이즈 어 댄저 존 pt.2 어나더
Do U Know That-Old School,Banya Production,두 유 노우 댓-올드 스쿨,두 유 노우 댓-올드 스쿨
EXTRA BanYa Remix,Banya,엑스트라 반야 리믹스,엑스트라 반야 리믹스
All I Want For X-mas,BanYa,올 아이 원트 포 크리스마스,올 아이 원트 포 크리스마스
An Interesting View,BanYa,서울구경,서울구경
Mission Possible,BanYa,미션 파서블,미션 파서블
Caprice of DJ Otada,Banya Production,카프리스 오브 디제이 오타다,카프리스 오브 디제이 오타다
Hello,BanYa,헬로우,헬로우
Pump Jump,BanYa,펌프 점프,펌프 점프
Moonlight - SHORT CUT -,Banya,월광 - SHORT CUT -,월광 - SHORT CUT -
Interference - FULL SONG -,Doin,인터퍼런스 - FULL SONG -,인터퍼런스 - FULL SONG -
Naissance 2,BanYa,태동 2,태동2
Move That Body! - FULL SONG -,DM Ashura feat. Skizzo & Hanna,무브 댓 바디! - FULL SONG -,무브 댓 바디! - FULL SONG -
Beat of The War 2 - FULL SONG -,YAHPP,비트 오브 더 워 2 - FULL SONG -,비트 오브 더 워 2 - FULL SONG -
Jam O Beat,Banya Production,잼 오 비트,잼 오 비트
Money Fingers,Banya Production,머니 핑거즈,머니 핑거즈
Dr.KOA,Banya Production,닥터 케이오에이,닥터 케이오에이
HUSH - FULL SONG -,Yassi Pressman & Nadine Lustre,허쉬 - FULL SONG -,허쉬 - FULL SONG -
A Nightmare,BanYa,악몽,악몽
PaPa helloizing,Banya Production,파파 헬로이징,파파 헬로이징
N,BanYa,엔,엔
Banya-P Classic Remix,Banya Production,반야-P 클래식 리믹스,반야 P 클래식 리믹스
Betrayer -act.2-,msgoon,사랑가 -2막-,사랑가 -2막-
Trotpris - SHORT CUT -,Doin,트롯프리스 - SHORT CUT -,트롯프리스 - SHORT CUT -
Passacaglia - SHORT CUT -,SynthWulf,파사칼리아 - SHORT CUT -,파사칼리아 - SHORT CUT -
Move That Body! - SHORT CUT -,DM Ashura feat. Skizzo & Hanna,무브 댓 바디! - SHORT CUT -,무브 댓 바디! - SHORT CUT -
FFF - SHORT CUT -,Doin,에프 에프 에프 - SHORT CUT -,에프 에프 에프 - SHORT CUT -
Stardust Overdrive - SHORT CUT -,typeMARS,스타더스트 오버드라이브 - SHORT CUT -,스타더스트 오버드라이브 - SHORT CUT -
Midnight Blue,BanYa,미드나잇 블루,미드나잇 블루
Infinity RMX,SynthWulf & MAX,인피니티 리믹스,인피니티 리믹스
BANYA HIPHOP REMIX,BanYa,반야 힙합 리믹스,반야 힙합 리믹스
"The People didn't know ""Pumping up""",Banya Production,사람들은 펌핑업을 몰랐다네,사람들은 펌핑업을 몰랐다네
Banya Classic Remix,BanYa,반야 클래식 리믹스,반야 클래식 리믹스
NX Opening - SHORT CUT -,YAHPP,NX 오프닝 - SHORT CUT -,NX 오프닝 - SHORT CUT -
Solitary 2 - SHORT CUT -,Banya,무혼 2 - SHORT CUT -,무혼 2 - SHORT CUT -
Selfishness - SHORT CUT -,SID-SOUND,셀피쉬니스 - SHORT CUT -,셀피쉬니스 - SHORT CUT -
B.P Classic Remix,Banya Production,반야 프로덕션 클래식 리믹스,반야 프로덕션 클래식 리믹스
Do It Reggae Style,Banya Production,두 잇 레게 스타일,두 잇 레게 스타일
X-Rave - SHORT CUT -,DM Ashura,엑스 레이브 - SHORT CUT -,엑스 레이브 - SHORT CUT -
U Got Me Rocking - SHORT CUT -,MAX,유 갓 미 락킹 - SHORT CUT -,유 갓 미 락킹 - SHORT CUT -
Overblow - SHORT CUT -,MAX,오버블로우 - SHORT CUT -,오버블로우 - SHORT CUT -
We will meet again,BanYa,위 윌 밋 어게인,위 윌 밋 어게인
Exceed2 Opening - SHORT CUT -,Banya,익시드2 오프닝 - SHORT CUT -,익시드2 오프닝 - SHORT CUT -
msgoon RMX pt.6,msgoon,엠.에스.군 리믹스 파트.6,엠에스군 리믹스 파트.6
Turkey Virus,Banya Production,터키 바이러스,터키 바이러스
Chopsticks Challenge - FULL SONG -,YAHPP,젓가락 변주곡 - FULL SONG -,젓가락 변주곡 - FULL SONG -
K.O.A : Alice In Wonderworld - SHORT CUT -,Banya Production,케이.오.에이 : 엘리스 인 원더월드 - SHORT CUT -,케이.오.에이 : 엘리스 인 원더월드 - SHORT CUT -
Final Audition 2 - SHORT CUT -,Banya,파이널 오디션 2 - SHORT CUT -,파이널 오디션 2 - SHORT CUT -
B.P Classic Remix 2,Banya Production,반야 프로덕션 클래식 리믹스 2,반야 프로덕션 클래식 리믹스 2
Take Out - SHORT CUT -,SHK,테이크 아웃 - SHORT CUT -,테이크 아웃 - SHORT CUT -
Pop The Track - SHORT CUT -,J-Mi & Midi-D & Ft. Hanna Stockzell,팝 더 트랙 - SHORT CUT -,팝 더 트랙 - SHORT CUT -
Close Your Eye,BanYa,눈을 감아,눈을 감아
Ugly duck Toccata,Banya Production,미운 오리 토카타,미운 오리 토카타
Set Up Me2 Mix ,Banya Production,셋업 미투 믹스,셋업 미투 믹스
Unique - SHORT CUT -,SHK,유니크 - SHORT CUT -,유니크 - SHORT CUT -
Final Audition 3 - SHORT CUT -,Banya,파이널 오디션 3 - SHORT CUT -,파이널 오디션 3 - SHORT CUT -
PRiMA MATERiA,xi,프ㄹi마 마테ㄹi아,프리마 마테리아
Solfeggietto,Fiverwater,솔페지에토,솔페지에토
Destr0yer,Sakuzyo,디스트로0ㅣ어,디스트로이어
Lucid Dream,Cosmograph,루시드 드림,루시드 드림
Le Nozze di Figaro ~Celebrazione Remix~,Sr. Lan Belmont,피가로의 결혼 ~Celebrazione Remix~,피가로의 결혼 ~Celebrazione Remix~